{
  "gravity": 9.80665,
  "permeabilityAir" :0.0000181,
  "densityOil": 925
}
